Workbook

Sheet README
A1: Marketing Campaign Performance Workbook
A4: Purpose | B4: Demonstrates a marketing analytics workflow: raw campaign data, standard paid-media KPIs, weekly/monthly reporting, a dashboard, and scenario-based interpretation of results.
A6: Tab | B6: What it contains
A7: Campaign Data | B7: Weekly raw performance by channel/campaign (impressions, clicks, spend, leads, conversions, revenue) with KPI formulas: CTR, CPC, CPM, Conversion Rate, CPL, ROI, ROAS.
A8: Weekly Report | B8: Metrics aggregated by week across all channels.
A9: Monthly Report | B9: Metrics aggregated by month and by channel.
A10: Dashboard | B10: KPI summary cards, spend-by-channel and ROAS-by-channel charts, CTR trend line.
A11: Scenario Analysis | B11: Written, data-driven interpretation of what the numbers mean and what to do about it — the kind of narrative a stakeholder would expect alongside the metrics.
A13: KPI formulas used
A14: CTR | B14: Clicks / Impressions
A15: CPC | B15: Spend / Clicks
A16: CPM | B16: Spend / Impressions x 1,000
A17: Conversion Rate | B17: Conversions / Clicks
A18: CPL | B18: Spend / Leads
A19: ROI | B19: (Revenue - Spend) / Spend
A20: ROAS | B20: Revenue / Spend
A22: Color legend
A23: Sample | B23: Blue text - input cell (edit these: impressions, clicks, spend, leads, conversions, revenue)
A24: Sample | B24: Black text - formula, calculated automatically
A25: Sample | B25: Green text - lookup/aggregation pulled from another tab
A26: Sample | B26: Yellow fill - key target / benchmark you can adjust
A27: Sample | B27: Red - below target / underperforming
A28: Sample | B28: Amber - near target / watch
A29: Sample | B29: Green - meeting or beating target

Sheet Campaign Data
A1: Campaign Data
A2: Weekly performance by channel and campaign, with KPI formulas
A4: Week | B4: Week Start | C4: Month | D4: Channel | E4: Campaign Name | F4: Impressions | G4: Clicks | H4: Spend ($) | I4: Leads | J4: Conversions | K4: Revenue ($) | L4: CTR | M4: CPC | N4: CPM | O4: Conv. Rate | P4: CPL | Q4: ROI | R4: ROAS
A5: 1 | B5: 46202 | C5: 1 | D5: Google Search | E5: Brand + Category Search | F5: 48476 | G5: 2289 | H5: 3706.09 | I5: 251 | J5: 58 | K5: 8357.79 | L5: =G5/F5 -> 0.047219243 | M5: =_xlfn.IFERROR(H5/G5,0) -> 1.6190869 | N5: =_xlfn.IFERROR(H5/F5*1000,0) -> 76.452059 | O5: =_xlfn.IFERROR(J5/G5,0) -> 0.025338576 | P5: =_xlfn.IFERROR(H5/I5,0) -> 14.765299 | Q5: =_xlfn.IFERROR((K5-H5)/H5,0) -> 1.2551503 | R5: =_xlfn.IFERROR(K5/H5,0) -> 2.2551503
A6: 1 | B6: 46202 | C6: 1 | D6: Facebook Ads | E6: Prospecting - Lookalike 1% | F6: 115741 | G6: 1469 | H6: 1055.87 | I6: 104 | J6: 12 | K6: 1261.93 | L6: =G6/F6 -> 0.012692132 | M6: =_xlfn.IFERROR(H6/G6,0) -> 0.71876787 | N6: =_xlfn.IFERROR(H6/F6*1000,0) -> 9.1226964 | O6: =_xlfn.IFERROR(J6/G6,0) -> 0.0081688223 | P6: =_xlfn.IFERROR(H6/I6,0) -> 10.152596 | Q6: =_xlfn.IFERROR((K6-H6)/H6,0) -> 0.1951566 | R6: =_xlfn.IFERROR(K6/H6,0) -> 1.1951566
A7: 1 | B7: 46202 | C7: 1 | D7: LinkedIn Ads | E7: B2B Lead Gen - Decision Makers | F7: 15217 | G7: 134 | H7: 794.89 | I7: 27 | J7: 6 | K7: 4408.58 | L7: =G7/F7 -> 0.0088059407 | M7: =_xlfn.IFERROR(H7/G7,0) -> 5.9320149 | N7: =_xlfn.IFERROR(H7/F7*1000,0) -> 52.236972 | O7: =_xlfn.IFERROR(J7/G7,0) -> 0.044776119 | P7: =_xlfn.IFERROR(H7/I7,0) -> 29.44037 | Q7: =_xlfn.IFERROR((K7-H7)/H7,0) -> 4.546151 | R7: =_xlfn.IFERROR(K7/H7,0) -> 5.546151
A8: 1 | B8: 46202 | C8: 1 | D8: Email | E8: Weekly Newsletter Promo | F8: 22278 | G8: 939 | H8: 47.26 | I8: 143 | J8: 37 | K8: 4573.57 | L8: =G8/F8 -> 0.042149205 | M8: =_xlfn.IFERROR(H8/G8,0) -> 0.050330138 | N8: =_xlfn.IFERROR(H8/F8*1000,0) -> 2.1213753 | O8: =_xlfn.IFERROR(J8/G8,0) -> 0.039403621 | P8: =_xlfn.IFERROR(H8/I8,0) -> 0.33048951 | Q8: =_xlfn.IFERROR((K8-H8)/H8,0) -> 95.774651 | R8: =_xlfn.IFERROR(K8/H8,0) -> 96.774651
A9: 2 | B9: 46209 | C9: 1 | D9: Google Search | E9: Brand + Category Search | F9: 40547 | G9: 1999 | H9: 3267.26 | I9: 208 | J9: 52 | K9: 8026.68 | L9: =G9/F9 -> 0.049300811 | M9: =_xlfn.IFERROR(H9/G9,0) -> 1.6344472 | N9: =_xlfn.IFERROR(H9/F9*1000,0) -> 80.579574 | O9: =_xlfn.IFERROR(J9/G9,0) -> 0.026013007 | P9: =_xlfn.IFERROR(H9/I9,0) -> 15.707981 | Q9: =_xlfn.IFERROR((K9-H9)/H9,0) -> 1.4567007 | R9: =_xlfn.IFERROR(K9/H9,0) -> 2.4567007
A10: 2 | B10: 46209 | C10: 1 | D10: Facebook Ads | E10: Prospecting - Lookalike 1% | F10: 102541 | G10: 1726 | H10: 1506.54 | I10: 159 | J10: 21 | K10: 2503.06 | L10: =G10/F10 -> 0.016832291 | M10: =_xlfn.IFERROR(H10/G10,0) -> 0.87285052 | N10: =_xlfn.IFERROR(H10/F10*1000,0) -> 14.692074 | O10: =_xlfn.IFERROR(J10/G10,0) -> 0.01216686 | P10: =_xlfn.IFERROR(H10/I10,0) -> 9.4750943 | Q10: =_xlfn.IFERROR((K10-H10)/H10,0) -> 0.66146269 | R10: =_xlfn.IFERROR(K10/H10,0) -> 1.6614627
A11: 2 | B11: 46209 | C11: 1 | D11: LinkedIn Ads | E11: B2B Lead Gen - Decision Makers | F11: 18100 | G11: 116 | H11: 590.02 | I11: 23 | J11: 5 | K11: 3542.45 | L11: =G11/F11 -> 0.0064088398 | M11: =_xlfn.IFERROR(H11/G11,0) -> 5.0863793 | N11: =_xlfn.IFERROR(H11/F11*1000,0) -> 32.59779 | O11: =_xlfn.IFERROR(J11/G11,0) -> 0.043103448 | P11: =_xlfn.IFERROR(H11/I11,0) -> 25.653043 | Q11: =_xlfn.IFERROR((K11-H11)/H11,0) -> 5.003949 | R11: =_xlfn.IFERROR(K11/H11,0) -> 6.003949
A12: 2 | B12: 46209 | C12: 1 | D12: Email | E12: Weekly Newsletter Promo | F12: 21575 | G12: 875 | H12: 45.75 | I12: 113 | J12: 25 | K12: 2829.79 | L12: =G12/F12 -> 0.040556199 | M12: =_xlfn.IFERROR(H12/G12,0) -> 0.052285714 | N12: =_xlfn.IFERROR(H12/F12*1000,0) -> 2.1205098 | O12: =_xlfn.IFERROR(J12/G12,0) -> 0.028571429 | P12: =_xlfn.IFERROR(H12/I12,0) -> 0.40486726 | Q12: =_xlfn.IFERROR((K12-H12)/H12,0) -> 60.853333 | R12: =_xlfn.IFERROR(K12/H12,0) -> 61.853333
A13: 3 | B13: 46216 | C13: 1 | D13: Google Search | E13: Brand + Category Search | F13: 41814 | G13: 2606 | H13: 3560.03 | I13: 308 | J13: 88 | K13: 12892.54 | L13: =G13/F13 -> 0.062323624 | M13: =_xlfn.IFERROR(H13/G13,0) -> 1.3660898 | N13: =_xlfn.IFERROR(H13/F13*1000,0) -> 85.139666 | O13: =_xlfn.IFERROR(J13/G13,0) -> 0.033768227 | P13: =_xlfn.IFERROR(H13/I13,0) -> 11.558539 | Q13: =_xlfn.IFERROR((K13-H13)/H13,0) -> 2.6214695 | R13: =_xlfn.IFERROR(K13/H13,0) -> 3.6214695
A14: 3 | B14: 46216 | C14: 1 | D14: Facebook Ads | E14: Prospecting - Lookalike 1% | F14: 103283 | G14: 1413 | H14: 928.05 | I14: 139 | J14: 19 | K14: 2057.2 | L14: =G14/F14 -> 0.013680857 | M14: =_xlfn.IFERROR(H14/G14,0) -> 0.65679406 | N14: =_xlfn.IFERROR(H14/F14*1000,0) -> 8.9855058 | O14: =_xlfn.IFERROR(J14/G14,0) -> 0.013446568 | P14: =_xlfn.IFERROR(H14/I14,0) -> 6.6766187 | Q14: =_xlfn.IFERROR((K14-H14)/H14,0) -> 1.2166909 | R14: =_xlfn.IFERROR(K14/H14,0) -> 2.2166909
A15: 3 | B15: 46216 | C15: 1 | D15: LinkedIn Ads | E15: B2B Lead Gen - Decision Makers | F15: 16401 | G15: 142 | H15: 708.53 | I15: 27 | J15: 5 | K15: 4388.09 | L15: =G15/F15 -> 0.0086580087 | M15: =_xlfn.IFERROR(H15/G15,0) -> 4.9896479 | N15: =_xlfn.IFERROR(H15/F15*1000,0) -> 43.200415 | O15: =_xlfn.IFERROR(J15/G15,0) -> 0.035211268 | P15: =_xlfn.IFERROR(H15/I15,0) -> 26.241852 | Q15: =_xlfn.IFERROR((K15-H15)/H15,0) -> 5.1932311 | R15: =_xlfn.IFERROR(K15/H15,0) -> 6.1932311
A16: 3 | B16: 46216 | C16: 1 | D16: Email | E16: Weekly Newsletter Promo | F16: 25637 | G16: 983 | H16: 82.8 | I16: 151 | J16: 40 | K16: 4766.48 | L16: =G16/F16 -> 0.03834302 | M16: =_xlfn.IFERROR(H16/G16,0) -> 0.084231943 | N16: =_xlfn.IFERROR(H16/F16*1000,0) -> 3.2297071 | O16: =_xlfn.IFERROR(J16/G16,0) -> 0.04069176 | P16: =_xlfn.IFERROR(H16/I16,0) -> 0.54834437 | Q16: =_xlfn.IFERROR((K16-H16)/H16,0) -> 56.566184 | R16: =_xlfn.IFERROR(K16/H16,0) -> 57.566184
... A36: 8 | B36: 46251 | C36: 2 | D36: Email | E36: Weekly Newsletter Promo | F36: 23334 | G36: 767 | H36: 42.07 | I36: 105 | J36: 25 | K36: 3217.02 | L36: =G36/F36 -> 0.032870489 | M36: =_xlfn.IFERROR(H36/G36,0) -> 0.054850065 | N36: =_xlfn.IFERROR(H36/F36*1000,0) -> 1.8029485 | O36: =_xlfn.IFERROR(J36/G36,0) -> 0.032594524 | P36: =_xlfn.IFERROR(H36/I36,0) -> 0.40066667 | Q36: =_xlfn.IFERROR((K36-H36)/H36,0) -> 75.468267 | R36: =_xlfn.IFERROR(K36/H36,0) -> 76.468267

Sheet Weekly Report
A1: Weekly Report
A2: All-channel totals and blended KPIs by week
A4: Week | B4: Week Start | C4: Impressions | D4: Clicks | E4: Spend ($) | F4: Leads | G4: Conversions | H4: Revenue ($) | I4: Blended CTR | J4: Blended ROAS
A5: 1 | B5: =_xlfn.IFERROR(INDEX('Campaign Data'!$B$5:$B$36,MATCH(A5,'Campaign Data'!$A$5:$A$36,0)),"") -> 46202 | C5: =SUMIF('Campaign Data'!$A$5:$A$36,A5,'Campaign Data'!$F$5:$F$36) -> 201712 | D5: =SUMIF('Campaign Data'!$A$5:$A$36,A5,'Campaign Data'!$G$5:$G$36) -> 4831 | E5: =SUMIF('Campaign Data'!$A$5:$A$36,A5,'Campaign Data'!$H$5:$H$36) -> 5604.11 | F5: =SUMIF('Campaign Data'!$A$5:$A$36,A5,'Campaign Data'!$I$5:$I$36) -> 525 | G5: =SUMIF('Campaign Data'!$A$5:$A$36,A5,'Campaign Data'!$J$5:$J$36) -> 113 | H5: =SUMIF('Campaign Data'!$A$5:$A$36,A5,'Campaign Data'!$K$5:$K$36) -> 18601.87 | I5: =_xlfn.IFERROR(D5/C5,0) -> 0.023949988 | J5: =_xlfn.IFERROR(H5/E5,0) -> 3.3193264
A6: 2 | B6: =_xlfn.IFERROR(INDEX('Campaign Data'!$B$5:$B$36,MATCH(A6,'Campaign Data'!$A$5:$A$36,0)),"") -> 46209 | C6: =SUMIF('Campaign Data'!$A$5:$A$36,A6,'Campaign Data'!$F$5:$F$36) -> 182763 | D6: =SUMIF('Campaign Data'!$A$5:$A$36,A6,'Campaign Data'!$G$5:$G$36) -> 4716 | E6: =SUMIF('Campaign Data'!$A$5:$A$36,A6,'Campaign Data'!$H$5:$H$36) -> 5409.57 | F6: =SUMIF('Campaign Data'!$A$5:$A$36,A6,'Campaign Data'!$I$5:$I$36) -> 503 | G6: =SUMIF('Campaign Data'!$A$5:$A$36,A6,'Campaign Data'!$J$5:$J$36) -> 103 | H6: =SUMIF('Campaign Data'!$A$5:$A$36,A6,'Campaign Data'!$K$5:$K$36) -> 16901.98 | I6: =_xlfn.IFERROR(D6/C6,0) -> 0.02580391 | J6: =_xlfn.IFERROR(H6/E6,0) -> 3.1244591
A7: 3 | B7: =_xlfn.IFERROR(INDEX('Campaign Data'!$B$5:$B$36,MATCH(A7,'Campaign Data'!$A$5:$A$36,0)),"") -> 46216 | C7: =SUMIF('Campaign Data'!$A$5:$A$36,A7,'Campaign Data'!$F$5:$F$36) -> 187135 | D7: =SUMIF('Campaign Data'!$A$5:$A$36,A7,'Campaign Data'!$G$5:$G$36) -> 5144 | E7: =SUMIF('Campaign Data'!$A$5:$A$36,A7,'Campaign Data'!$H$5:$H$36) -> 5279.41 | F7: =SUMIF('Campaign Data'!$A$5:$A$36,A7,'Campaign Data'!$I$5:$I$36) -> 625 | G7: =SUMIF('Campaign Data'!$A$5:$A$36,A7,'Campaign Data'!$J$5:$J$36) -> 152 | H7: =SUMIF('Campaign Data'!$A$5:$A$36,A7,'Campaign Data'!$K$5:$K$36) -> 24104.31 | I7: =_xlfn.IFERROR(D7/C7,0) -> 0.027488177 | J7: =_xlfn.IFERROR(H7/E7,0) -> 4.5657204
A8: 4 | B8: =_xlfn.IFERROR(INDEX('Campaign Data'!$B$5:$B$36,MATCH(A8,'Campaign Data'!$A$5:$A$36,0)),"") -> 46223 | C8: =SUMIF('Campaign Data'!$A$5:$A$36,A8,'Campaign Data'!$F$5:$F$36) -> 178561 | D8: =SUMIF('Campaign Data'!$A$5:$A$36,A8,'Campaign Data'!$G$5:$G$36) -> 4674 | E8: =SUMIF('Campaign Data'!$A$5:$A$36,A8,'Campaign Data'!$H$5:$H$36) -> 5024.42 | F8: =SUMIF('Campaign Data'!$A$5:$A$36,A8,'Campaign Data'!$I$5:$I$36) -> 499 | G8: =SUMIF('Campaign Data'!$A$5:$A$36,A8,'Campaign Data'!$J$5:$J$36) -> 119 | H8: =SUMIF('Campaign Data'!$A$5:$A$36,A8,'Campaign Data'!$K$5:$K$36) -> 21100.45 | I8: =_xlfn.IFERROR(D8/C8,0) -> 0.026175929 | J8: =_xlfn.IFERROR(H8/E8,0) -> 4.1995793
A9: 5 | B9: =_xlfn.IFERROR(INDEX('Campaign Data'!$B$5:$B$36,MATCH(A9,'Campaign Data'!$A$5:$A$36,0)),"") -> 46230 | C9: =SUMIF('Campaign Data'!$A$5:$A$36,A9,'Campaign Data'!$F$5:$F$36) -> 202156 | D9: =SUMIF('Campaign Data'!$A$5:$A$36,A9,'Campaign Data'!$G$5:$G$36) -> 5244 | E9: =SUMIF('Campaign Data'!$A$5:$A$36,A9,'Campaign Data'!$H$5:$H$36) -> 5046.14 | F9: =SUMIF('Campaign Data'!$A$5:$A$36,A9,'Campaign Data'!$I$5:$I$36) -> 636 | G9: =SUMIF('Campaign Data'!$A$5:$A$36,A9,'Campaign Data'!$J$5:$J$36) -> 142 | H9: =SUMIF('Campaign Data'!$A$5:$A$36,A9,'Campaign Data'!$K$5:$K$36) -> 21783.86 | I9: =_xlfn.IFERROR(D9/C9,0) -> 0.025940363 | J9: =_xlfn.IFERROR(H9/E9,0) -> 4.3169353
A10: 6 | B10: =_xlfn.IFERROR(INDEX('Campaign Data'!$B$5:$B$36,MATCH(A10,'Campaign Data'!$A$5:$A$36,0)),"") -> 46237 | C10: =SUMIF('Campaign Data'!$A$5:$A$36,A10,'Campaign Data'!$F$5:$F$36) -> 201334 | D10: =SUMIF('Campaign Data'!$A$5:$A$36,A10,'Campaign Data'!$G$5:$G$36) -> 5082 | E10: =SUMIF('Campaign Data'!$A$5:$A$36,A10,'Campaign Data'!$H$5:$H$36) -> 6082.98 | F10: =SUMIF('Campaign Data'!$A$5:$A$36,A10,'Campaign Data'!$I$5:$I$36) -> 512 | G10: =SUMIF('Campaign Data'!$A$5:$A$36,A10,'Campaign Data'!$J$5:$J$36) -> 117 | H10: =SUMIF('Campaign Data'!$A$5:$A$36,A10,'Campaign Data'!$K$5:$K$36) -> 22705.94 | I10: =_xlfn.IFERROR(D10/C10,0) -> 0.025241638 | J10: =_xlfn.IFERROR(H10/E10,0) -> 3.7327001
A11: 7 | B11: =_xlfn.IFERROR(INDEX('Campaign Data'!$B$5:$B$36,MATCH(A11,'Campaign Data'!$A$5:$A$36,0)),"") -> 46244 | C11: =SUMIF('Campaign Data'!$A$5:$A$36,A11,'Campaign Data'!$F$5:$F$36) -> 212175 | D11: =SUMIF('Campaign Data'!$A$5:$A$36,A11,'Campaign Data'!$G$5:$G$36) -> 4695 | E11: =SUMIF('Campaign Data'!$A$5:$A$36,A11,'Campaign Data'!$H$5:$H$36) -> 5788.07 | F11: =SUMIF('Campaign Data'!$A$5:$A$36,A11,'Campaign Data'!$I$5:$I$36) -> 537 | G11: =SUMIF('Campaign Data'!$A$5:$A$36,A11,'Campaign Data'!$J$5:$J$36) -> 117 | H11: =SUMIF('Campaign Data'!$A$5:$A$36,A11,'Campaign Data'!$K$5:$K$36) -> 22657.01 | I11: =_xlfn.IFERROR(D11/C11,0) -> 0.02212796 | J11: =_xlfn.IFERROR(H11/E11,0) -> 3.9144326
A12: 8 | B12: =_xlfn.IFERROR(INDEX('Campaign Data'!$B$5:$B$36,MATCH(A12,'Campaign Data'!$A$5:$A$36,0)),"") -> 46251 | C12: =SUMIF('Campaign Data'!$A$5:$A$36,A12,'Campaign Data'!$F$5:$F$36) -> 168550 | D12: =SUMIF('Campaign Data'!$A$5:$A$36,A12,'Campaign Data'!$G$5:$G$36) -> 4341 | E12: =SUMIF('Campaign Data'!$A$5:$A$36,A12,'Campaign Data'!$H$5:$H$36) -> 4568.48 | F12: =SUMIF('Campaign Data'!$A$5:$A$36,A12,'Campaign Data'!$I$5:$I$36) -> 425 | G12: =SUMIF('Campaign Data'!$A$5:$A$36,A12,'Campaign Data'!$J$5:$J$36) -> 103 | H12: =SUMIF('Campaign Data'!$A$5:$A$36,A12,'Campaign Data'!$K$5:$K$36) -> 18038.61 | I12: =_xlfn.IFERROR(D12/C12,0) -> 0.025754969 | J12: =_xlfn.IFERROR(H12/E12,0) -> 3.9484927

Sheet Monthly Report
A1: Monthly Report
A2: Totals and blended KPIs by month and channel
A4: Month | B4: Channel | C4: Impressions | D4: Clicks | E4: Spend ($) | F4: Leads | G4: Conversions | H4: Revenue ($) | I4: CTR | J4: CPL | K4: ROI | L4: ROAS
A5: 1 | B5: Google Search | C5: =_xlfn.SUMIFS('Campaign Data'!$F$5:$F$36,'Campaign Data'!$C$5:$C$36,A5,'Campaign Data'!$D$5:$D$36,B5) -> 169362 | D5: =_xlfn.SUMIFS('Campaign Data'!$G$5:$G$36,'Campaign Data'!$C$5:$C$36,A5,'Campaign Data'!$D$5:$D$36,B5) -> 9248 | E5: =_xlfn.SUMIFS('Campaign Data'!$H$5:$H$36,'Campaign Data'!$C$5:$C$36,A5,'Campaign Data'!$D$5:$D$36,B5) -> 13783.82 | F5: =_xlfn.SUMIFS('Campaign Data'!$I$5:$I$36,'Campaign Data'!$C$5:$C$36,A5,'Campaign Data'!$D$5:$D$36,B5) -> 1009 | G5: =_xlfn.SUMIFS('Campaign Data'!$J$5:$J$36,'Campaign Data'!$C$5:$C$36,A5,'Campaign Data'!$D$5:$D$36,B5) -> 269 | H5: =_xlfn.SUMIFS('Campaign Data'!$K$5:$K$36,'Campaign Data'!$C$5:$C$36,A5,'Campaign Data'!$D$5:$D$36,B5) -> 40827.8 | I5: =_xlfn.IFERROR(D5/C5,0) -> 0.054604929 | J5: =_xlfn.IFERROR(E5/F5,0) -> 13.660872 | K5: =_xlfn.IFERROR((H5-E5)/E5,0) -> 1.9620091 | L5: =_xlfn.IFERROR(H5/E5,0) -> 2.9620091
A6: 1 | B6: Facebook Ads | C6: =_xlfn.SUMIFS('Campaign Data'!$F$5:$F$36,'Campaign Data'!$C$5:$C$36,A6,'Campaign Data'!$D$5:$D$36,B6) -> 422187 | D6: =_xlfn.SUMIFS('Campaign Data'!$G$5:$G$36,'Campaign Data'!$C$5:$C$36,A6,'Campaign Data'!$D$5:$D$36,B6) -> 5987 | E6: =_xlfn.SUMIFS('Campaign Data'!$H$5:$H$36,'Campaign Data'!$C$5:$C$36,A6,'Campaign Data'!$D$5:$D$36,B6) -> 4524.29 | F6: =_xlfn.SUMIFS('Campaign Data'!$I$5:$I$36,'Campaign Data'!$C$5:$C$36,A6,'Campaign Data'!$D$5:$D$36,B6) -> 535 | G6: =_xlfn.SUMIFS('Campaign Data'!$J$5:$J$36,'Campaign Data'!$C$5:$C$36,A6,'Campaign Data'!$D$5:$D$36,B6) -> 70 | H6: =_xlfn.SUMIFS('Campaign Data'!$K$5:$K$36,'Campaign Data'!$C$5:$C$36,A6,'Campaign Data'!$D$5:$D$36,B6) -> 7519.34 | I6: =_xlfn.IFERROR(D6/C6,0) -> 0.01418092 | J6: =_xlfn.IFERROR(E6/F6,0) -> 8.4566168 | K6: =_xlfn.IFERROR((H6-E6)/E6,0) -> 0.66199337 | L6: =_xlfn.IFERROR(H6/E6,0) -> 1.6619934
A7: 1 | B7: LinkedIn Ads | C7: =_xlfn.SUMIFS('Campaign Data'!$F$5:$F$36,'Campaign Data'!$C$5:$C$36,A7,'Campaign Data'!$D$5:$D$36,B7) -> 65861 | D7: =_xlfn.SUMIFS('Campaign Data'!$G$5:$G$36,'Campaign Data'!$C$5:$C$36,A7,'Campaign Data'!$D$5:$D$36,B7) -> 509 | E7: =_xlfn.SUMIFS('Campaign Data'!$H$5:$H$36,'Campaign Data'!$C$5:$C$36,A7,'Campaign Data'!$D$5:$D$36,B7) -> 2751.3 | F7: =_xlfn.SUMIFS('Campaign Data'!$I$5:$I$36,'Campaign Data'!$C$5:$C$36,A7,'Campaign Data'!$D$5:$D$36,B7) -> 98 | G7: =_xlfn.SUMIFS('Campaign Data'!$J$5:$J$36,'Campaign Data'!$C$5:$C$36,A7,'Campaign Data'!$D$5:$D$36,B7) -> 21 | H7: =_xlfn.SUMIFS('Campaign Data'!$K$5:$K$36,'Campaign Data'!$C$5:$C$36,A7,'Campaign Data'!$D$5:$D$36,B7) -> 16685.85 | I7: =_xlfn.IFERROR(D7/C7,0) -> 0.0077283977 | J7: =_xlfn.IFERROR(E7/F7,0) -> 28.07449 | K7: =_xlfn.IFERROR((H7-E7)/E7,0) -> 5.0647149 | L7: =_xlfn.IFERROR(H7/E7,0) -> 6.0647149
A8: 1 | B8: Email | C8: =_xlfn.SUMIFS('Campaign Data'!$F$5:$F$36,'Campaign Data'!$C$5:$C$36,A8,'Campaign Data'!$D$5:$D$36,B8) -> 92761 | D8: =_xlfn.SUMIFS('Campaign Data'!$G$5:$G$36,'Campaign Data'!$C$5:$C$36,A8,'Campaign Data'!$D$5:$D$36,B8) -> 3621 | E8: =_xlfn.SUMIFS('Campaign Data'!$H$5:$H$36,'Campaign Data'!$C$5:$C$36,A8,'Campaign Data'!$D$5:$D$36,B8) -> 258.1 | F8: =_xlfn.SUMIFS('Campaign Data'!$I$5:$I$36,'Campaign Data'!$C$5:$C$36,A8,'Campaign Data'!$D$5:$D$36,B8) -> 510 | G8: =_xlfn.SUMIFS('Campaign Data'!$J$5:$J$36,'Campaign Data'!$C$5:$C$36,A8,'Campaign Data'!$D$5:$D$36,B8) -> 127 | H8: =_xlfn.SUMIFS('Campaign Data'!$K$5:$K$36,'Campaign Data'!$C$5:$C$36,A8,'Campaign Data'!$D$5:$D$36,B8) -> 15675.62 | I8: =_xlfn.IFERROR(D8/C8,0) -> 0.039035802 | J8: =_xlfn.IFERROR(E8/F8,0) -> 0.50607843 | K8: =_xlfn.IFERROR((H8-E8)/E8,0) -> 59.734676 | L8: =_xlfn.IFERROR(H8/E8,0) -> 60.734676
A9: 2 | B9: Google Search | C9: =_xlfn.SUMIFS('Campaign Data'!$F$5:$F$36,'Campaign Data'!$C$5:$C$36,A9,'Campaign Data'!$D$5:$D$36,B9) -> 184441 | D9: =_xlfn.SUMIFS('Campaign Data'!$G$5:$G$36,'Campaign Data'!$C$5:$C$36,A9,'Campaign Data'!$D$5:$D$36,B9) -> 9413 | E9: =_xlfn.SUMIFS('Campaign Data'!$H$5:$H$36,'Campaign Data'!$C$5:$C$36,A9,'Campaign Data'!$D$5:$D$36,B9) -> 13186.14 | F9: =_xlfn.SUMIFS('Campaign Data'!$I$5:$I$36,'Campaign Data'!$C$5:$C$36,A9,'Campaign Data'!$D$5:$D$36,B9) -> 1084 | G9: =_xlfn.SUMIFS('Campaign Data'!$J$5:$J$36,'Campaign Data'!$C$5:$C$36,A9,'Campaign Data'!$D$5:$D$36,B9) -> 280 | H9: =_xlfn.SUMIFS('Campaign Data'!$K$5:$K$36,'Campaign Data'!$C$5:$C$36,A9,'Campaign Data'!$D$5:$D$36,B9) -> 44790.47 | I9: =_xlfn.IFERROR(D9/C9,0) -> 0.05103529 | J9: =_xlfn.IFERROR(E9/F9,0) -> 12.164336 | K9: =_xlfn.IFERROR((H9-E9)/E9,0) -> 2.396784 | L9: =_xlfn.IFERROR(H9/E9,0) -> 3.396784
A10: 2 | B10: Facebook Ads | C10: =_xlfn.SUMIFS('Campaign Data'!$F$5:$F$36,'Campaign Data'!$C$5:$C$36,A10,'Campaign Data'!$D$5:$D$36,B10) -> 430411 | D10: =_xlfn.SUMIFS('Campaign Data'!$G$5:$G$36,'Campaign Data'!$C$5:$C$36,A10,'Campaign Data'!$D$5:$D$36,B10) -> 5881 | E10: =_xlfn.SUMIFS('Campaign Data'!$H$5:$H$36,'Campaign Data'!$C$5:$C$36,A10,'Campaign Data'!$D$5:$D$36,B10) -> 4078.53 | F10: =_xlfn.SUMIFS('Campaign Data'!$I$5:$I$36,'Campaign Data'!$C$5:$C$36,A10,'Campaign Data'!$D$5:$D$36,B10) -> 418 | G10: =_xlfn.SUMIFS('Campaign Data'!$J$5:$J$36,'Campaign Data'!$C$5:$C$36,A10,'Campaign Data'!$D$5:$D$36,B10) -> 62 | H10: =_xlfn.SUMIFS('Campaign Data'!$K$5:$K$36,'Campaign Data'!$C$5:$C$36,A10,'Campaign Data'!$D$5:$D$36,B10) -> 6121.79 | I10: =_xlfn.IFERROR(D10/C10,0) -> 0.013663684 | J10: =_xlfn.IFERROR(E10/F10,0) -> 9.7572488 | K10: =_xlfn.IFERROR((H10-E10)/E10,0) -> 0.50097952 | L10: =_xlfn.IFERROR(H10/E10,0) -> 1.5009795
A11: 2 | B11: LinkedIn Ads | C11: =_xlfn.SUMIFS('Campaign Data'!$F$5:$F$36,'Campaign Data'!$C$5:$C$36,A11,'Campaign Data'!$D$5:$D$36,B11) -> 77518 | D11: =_xlfn.SUMIFS('Campaign Data'!$G$5:$G$36,'Campaign Data'!$C$5:$C$36,A11,'Campaign Data'!$D$5:$D$36,B11) -> 701 | E11: =_xlfn.SUMIFS('Campaign Data'!$H$5:$H$36,'Campaign Data'!$C$5:$C$36,A11,'Campaign Data'!$D$5:$D$36,B11) -> 3998.11 | F11: =_xlfn.SUMIFS('Campaign Data'!$I$5:$I$36,'Campaign Data'!$C$5:$C$36,A11,'Campaign Data'!$D$5:$D$36,B11) -> 133 | G11: =_xlfn.SUMIFS('Campaign Data'!$J$5:$J$36,'Campaign Data'!$C$5:$C$36,A11,'Campaign Data'!$D$5:$D$36,B11) -> 28 | H11: =_xlfn.SUMIFS('Campaign Data'!$K$5:$K$36,'Campaign Data'!$C$5:$C$36,A11,'Campaign Data'!$D$5:$D$36,B11) -> 20780.6 | I11: =_xlfn.IFERROR(D11/C11,0) -> 0.009043061 | J11: =_xlfn.IFERROR(E11/F11,0) -> 30.060977 | K11: =_xlfn.IFERROR((H11-E11)/E11,0) -> 4.1976059 | L11: =_xlfn.IFERROR(H11/E11,0) -> 5.1976059
A12: 2 | B12: Email | C12: =_xlfn.SUMIFS('Campaign Data'!$F$5:$F$36,'Campaign Data'!$C$5:$C$36,A12,'Campaign Data'!$D$5:$D$36,B12) -> 91845 | D12: =_xlfn.SUMIFS('Campaign Data'!$G$5:$G$36,'Campaign Data'!$C$5:$C$36,A12,'Campaign Data'!$D$5:$D$36,B12) -> 3367 | E12: =_xlfn.SUMIFS('Campaign Data'!$H$5:$H$36,'Campaign Data'!$C$5:$C$36,A12,'Campaign Data'!$D$5:$D$36,B12) -> 222.89 | F12: =_xlfn.SUMIFS('Campaign Data'!$I$5:$I$36,'Campaign Data'!$C$5:$C$36,A12,'Campaign Data'!$D$5:$D$36,B12) -> 475 | G12: =_xlfn.SUMIFS('Campaign Data'!$J$5:$J$36,'Campaign Data'!$C$5:$C$36,A12,'Campaign Data'!$D$5:$D$36,B12) -> 109 | H12: =_xlfn.SUMIFS('Campaign Data'!$K$5:$K$36,'Campaign Data'!$C$5:$C$36,A12,'Campaign Data'!$D$5:$D$36,B12) -> 13492.56 | I12: =_xlfn.IFERROR(D12/C12,0) -> 0.03665959 | J12: =_xlfn.IFERROR(E12/F12,0) -> 0.46924211 | K12: =_xlfn.IFERROR((H12-E12)/E12,0) -> 59.534613 | L12: =_xlfn.IFERROR(H12/E12,0) -> 60.534613

Sheet Dashboard
A1: Marketing Performance Dashboard
A2: Campaign totals, KPI targets, and channel comparison (all 8 weeks)
A4: Targets / Benchmarks
A5: Target CTR | B5: 0.02
A6: Target CPL | B6: 60
A7: Target ROAS | B7: 3
A9: Overall KPI Summary
A10: Total Impressions | B10: =SUM('Campaign Data'!F5:F36) -> 1534386
A11: Total Clicks | B11: =SUM('Campaign Data'!G5:G36) -> 38727
A12: Total Spend | B12: =SUM('Campaign Data'!H5:H36) -> 42803.18
A13: Total Leads | B13: =SUM('Campaign Data'!I5:I36) -> 4262
A14: Total Conversions | B14: =SUM('Campaign Data'!J5:J36) -> 966
A15: Total Revenue | B15: =SUM('Campaign Data'!K5:K36) -> 165894.03
A16: Blended CTR | B16: =B11/B10 -> 0.025239412
A17: Blended CPC | B17: =B12/B11 -> 1.1052542
A18: Blended CPL | B18: =B12/B13 -> 10.04298
A19: Blended Conv. Rate | B19: =B14/B11 -> 0.024943838
A20: Overall ROI | B20: =(B15-B12)/B12 -> 2.8757408
A21: Overall ROAS | B21: =B15/B12 -> 3.8757408
A23: Status vs. Target
A24: CTR vs Target | B24: =B16 -> 0.025239412 | C24: =IF(B24>=$B$5,"On Target","Below Target") -> On Target
A25: CPL vs Target | B25: =B18 -> 10.04298 | C25: =IF(B25<=$B$6,"On Target","Above Target") -> On Target
A26: ROAS vs Target | B26: =B21 -> 3.8757408 | C26: =IF(B26>=$B$7,"On Target","Below Target") -> On Target
A29: Channel Comparison (8-week totals)
A30: Channel | B30: Spend ($) | C30: Revenue ($) | D30: ROAS | E30: CTR | F30: CPL
A31: Google Search | B31: =SUMIF('Campaign Data'!$D$5:$D$36,A31,'Campaign Data'!$H$5:$H$36) -> 26969.96 | C31: =SUMIF('Campaign Data'!$D$5:$D$36,A31,'Campaign Data'!$K$5:$K$36) -> 85618.27 | D31: =_xlfn.IFERROR(C31/B31,0) -> 3.1745791 | E31: =_xlfn.IFERROR((SUMIF('Campaign Data'!$D$5:$D$36,A31,'Campaign Data'!$G$5:$G$36))/(SUMIF('Campaign Data'!$D$5:$D$36,A31,'Campaign Data'!$F$5:$F$36)),0) -> 0.052744041 | F31: =_xlfn.IFERROR(B31/(SUMIF('Campaign Data'!$D$5:$D$36,A31,'Campaign Data'!$I$5:$I$36)),0) -> 12.885791
A32: Facebook Ads | B32: =SUMIF('Campaign Data'!$D$5:$D$36,A32,'Campaign Data'!$H$5:$H$36) -> 8602.82 | C32: =SUMIF('Campaign Data'!$D$5:$D$36,A32,'Campaign Data'!$K$5:$K$36) -> 13641.13 | D32: =_xlfn.IFERROR(C32/B32,0) -> 1.585658 | E32: =_xlfn.IFERROR((SUMIF('Campaign Data'!$D$5:$D$36,A32,'Campaign Data'!$G$5:$G$36))/(SUMIF('Campaign Data'!$D$5:$D$36,A32,'Campaign Data'!$F$5:$F$36)),0) -> 0.013919807 | F32: =_xlfn.IFERROR(B32/(SUMIF('Campaign Data'!$D$5:$D$36,A32,'Campaign Data'!$I$5:$I$36)),0) -> 9.0270934
A33: LinkedIn Ads | B33: =SUMIF('Campaign Data'!$D$5:$D$36,A33,'Campaign Data'!$H$5:$H$36) -> 6749.41 | C33: =SUMIF('Campaign Data'!$D$5:$D$36,A33,'Campaign Data'!$K$5:$K$36) -> 37466.45 | D33: =_xlfn.IFERROR(C33/B33,0) -> 5.5510704 | E33: =_xlfn.IFERROR((SUMIF('Campaign Data'!$D$5:$D$36,A33,'Campaign Data'!$G$5:$G$36))/(SUMIF('Campaign Data'!$D$5:$D$36,A33,'Campaign Data'!$F$5:$F$36)),0) -> 0.0084391717 | F33: =_xlfn.IFERROR(B33/(SUMIF('Campaign Data'!$D$5:$D$36,A33,'Campaign Data'!$I$5:$I$36)),0) -> 29.218225
A34: Email | B34: =SUMIF('Campaign Data'!$D$5:$D$36,A34,'Campaign Data'!$H$5:$H$36) -> 480.99 | C34: =SUMIF('Campaign Data'!$D$5:$D$36,A34,'Campaign Data'!$K$5:$K$36) -> 29168.18 | D34: =_xlfn.IFERROR(C34/B34,0) -> 60.641968 | E34: =_xlfn.IFERROR((SUMIF('Campaign Data'!$D$5:$D$36,A34,'Campaign Data'!$G$5:$G$36))/(SUMIF('Campaign Data'!$D$5:$D$36,A34,'Campaign Data'!$F$5:$F$36)),0) -> 0.037853591 | F34: =_xlfn.IFERROR(B34/(SUMIF('Campaign Data'!$D$5:$D$36,A34,'Campaign Data'!$I$5:$I$36)),0) -> 0.48831472

Sheet Scenario Analysis
A1: Scenario Analysis
A4: Auto-flag: Facebook CTR trend, last 2 weeks vs first 2 weeks
A5: Avg CTR - Weeks 1-2 | B5: =_xlfn.AVERAGEIFS('Campaign Data'!$L$5:$L$36,'Campaign Data'!$D$5:$D$36,"Facebook Ads",'Campaign Data'!$A$5:$A$36,"<=2") -> 0.014762212
A6: Avg CTR - Weeks 7-8 | B6: =_xlfn.AVERAGEIFS('Campaign Data'!$L$5:$L$36,'Campaign Data'!$D$5:$D$36,"Facebook Ads",'Campaign Data'!$A$5:$A$36,">=7") -> 0.011267631
A7: % Change | B7: =(B6-B5)/B5 -> -0.23672471
A10: Scenario 1: Facebook Ads CTR and lead rate declined ~30-40% in Weeks 7-8
A11: Interpretation: | B11: Impressions held steady but CTR and downstream lead rate dropped, most likely creative fatigue on the Prospecting - Lookalike 1% audience after ~6 weeks of continuous delivery. Spend was not pulled back, so CPL and ROAS for the channel worsened in the same window.
A12: Recommended action: | B12: Refresh ad creative/copy on this audience, or introduce a second lookalike segment to split delivery; consider a frequency cap and re-test after 1-2 weeks before increasing budget further.
A14: Scenario 2: LinkedIn Ads has the highest CPC and CPL of all channels, but also the highest ROAS
A15: Interpretation: | B15: LinkedIn's cost-per-click and cost-per-lead run well above Google, Facebook, and Email - expected for a B2B decision-maker audience. However, average order value on LinkedIn-sourced conversions is several times higher, so overall ROAS is the strongest of the four channels despite the higher acquisition cost.
A16: Recommended action: | B16: Do not evaluate LinkedIn against the same CPL benchmark as the other channels; judge it on ROAS/ROI instead, and consider shifting incremental budget here if pipeline capacity allows.
A18: Scenario 3: Email has by far the lowest CPC and CPM
A19: Interpretation: | B19: Email delivery cost is near-zero, so CPC/CPM look artificially strong compared to paid channels - this is a structural feature of the channel (an owned list), not a sign of superior targeting or creative.
A20: Recommended action: | B20: Track Email primarily on list growth, engagement, and incremental revenue rather than CPC/CPM; don't use these numbers to justify reallocating paid budget away from Google or LinkedIn.
